textgrid.file	word.idx.in.tg	word.ortho	word.ipa	word.start.in.tg	word.end.in.tg	phone.idx.in.wd	phone.ipa	phone.start.in.tg	phone.end.in.tg	postprobframe.idx.in.phone	postprobframe.start.in.tg	postprobframe.end.in.tg	phoneme.postprob	sonorant.actual	sonorant.postprob	continuant.actual	continuant.postprob
guf_09152_00540916881.TextGrid	1	અગાસ	ə g aː s	0.78	1.23	0	ə	0.78	0.87	0	0.78	0.79	p	1	0.28388277	1	0.21333592
guf_09152_00540916881.TextGrid	1	અગાસ	ə g aː s	0.78	1.23	0	ə	0.78	0.87	1	0.79	0.8	p	1	0.74001217	1	0.695306
guf_09152_00540916881.TextGrid	1	અગાસ	ə g aː s	0.78	1.23	0	ə	0.78	0.87	2	0.8	0.81	p	1	0.87006897	1	0.8608031
guf_09152_00540916881.TextGrid	1	અગાસ	ə g aː s	0.78	1.23	0	ə	0.78	0.87	3	0.81	0.8200000000000001	p	1	0.90443224	1	0.89991933
guf_09152_00540916881.TextGrid	1	અગાસ	ə g aː s	0.78	1.23	0	ə	0.78	0.87	4	0.8200000000000001	0.8300000000000001	aː	1	0.9567083	1	0.9495795
guf_09152_00540916881.TextGrid	1	અગાસ	ə g aː s	0.78	1.23	0	ə	0.78	0.87	5	0.8300000000000001	0.8400000000000001	aː	1	0.98552126	1	0.97443306
guf_09152_00540916881.TextGrid	1	અગાસ	ə g aː s	0.78	1.23	0	ə	0.78	0.87	6	0.84	0.85	aː	1	0.996232	1	0.9918018
guf_09152_00540916881.TextGrid	1	અગાસ	ə g aː s	0.78	1.23	0	ə	0.78	0.87	7	0.85	0.86	aː	1	0.99696356	1	0.9917094
guf_09152_00540916881.TextGrid	1	અગાસ	ə g aː s	0.78	1.23	0	ə	0.78	0.87	8	0.86	0.87	b	1	0.97314835	1	0.96865046
guf_09152_00540916881.TextGrid	1	અગાસ	ə g aː s	0.78	1.23	1	g	0.87	0.98	0	0.87	0.88	b	0	0.63184613	0	0.71507895
guf_09152_00540916881.TextGrid	1	અગાસ	ə g aː s	0.78	1.23	1	g	0.87	0.98	1	0.88	0.89	b	0	0.26814556	0	0.19281515
guf_09152_00540916881.TextGrid	1	અગાસ	ə g aː s	0.78	1.23	1	g	0.87	0.98	2	0.89	0.9	b	0	0.14183025	0	0.10491015
guf_09152_00540916881.TextGrid	1	અગાસ	ə g aː s	0.78	1.23	1	g	0.87	0.98	3	0.9	0.91	b	0	0.074784115	0	0.105715536
guf_09152_00540916881.TextGrid	1	અગાસ	ə g aː s	0.78	1.23	1	g	0.87	0.98	4	0.91	0.92	b	0	0.046809178	0	0.07870017
guf_09152_00540916881.TextGrid	1	અગાસ	ə g aː s	0.78	1.23	1	g	0.87	0.98	5	0.92	0.93	b	0	0.021206066	0	0.02776112
guf_09152_00540916881.TextGrid	1	અગાસ	ə g aː s	0.78	1.23	1	g	0.87	0.98	6	0.93	0.9400000000000001	b	0	0.00791278	0	0.0053871353
guf_09152_00540916881.TextGrid	1	અગાસ	ə g aː s	0.78	1.23	1	g	0.87	0.98	7	0.9400000000000001	0.9500000000000001	b	0	0.0038809725	0	0.0030849897
guf_09152_00540916881.TextGrid	1	અગાસ	ə g aː s	0.78	1.23	1	g	0.87	0.98	8	0.9500000000000001	0.9600000000000001	b	0	0.006885597	0	0.004481338
guf_09152_00540916881.TextGrid	1	અગાસ	ə g aː s	0.78	1.23	1	g	0.87	0.98	9	0.96	0.97	b	0	0.1601435	0	0.18318678
guf_09152_00540916881.TextGrid	1	અગાસ	ə g aː s	0.78	1.23	1	g	0.87	0.98	10	0.97	0.98	b	0	0.7692903	0	0.8753767
guf_09152_00540916881.TextGrid	1	અગાસ	ə g aː s	0.78	1.23	2	aː	0.98	1.12	0	0.98	0.99	b	1	0.9881209	1	0.99434376
guf_09152_00540916881.TextGrid	1	અગાસ	ə g aː s	0.78	1.23	2	aː	0.98	1.12	1	0.99	1.0	aː	1	0.9936795	1	0.99543566
guf_09152_00540916881.TextGrid	1	અગાસ	ə g aː s	0.78	1.23	2	aː	0.98	1.12	2	1.0	1.01	aː	1	0.99423474	1	0.9952513
guf_09152_00540916881.TextGrid	1	અગાસ	ə g aː s	0.78	1.23	2	aː	0.98	1.12	3	1.01	1.02	aː	1	0.9933971	1	0.9937528
guf_09152_00540916881.TextGrid	1	અગાસ	ə g aː s	0.78	1.23	2	aː	0.98	1.12	4	1.02	1.03	aː	1	0.9884493	1	0.98776245
guf_09152_00540916881.TextGrid	1	અગાસ	ə g aː s	0.78	1.23	2	aː	0.98	1.12	5	1.03	1.04	aː	1	0.98213595	1	0.9847735
guf_09152_00540916881.TextGrid	1	અગાસ	ə g aː s	0.78	1.23	2	aː	0.98	1.12	6	1.04	1.05	aː	1	0.9837415	1	0.9787931
guf_09152_00540916881.TextGrid	1	અગાસ	ə g aː s	0.78	1.23	2	aː	0.98	1.12	7	1.05	1.06	aː	1	0.9800726	1	0.9615268
guf_09152_00540916881.TextGrid	1	અગાસ	ə g aː s	0.78	1.23	2	aː	0.98	1.12	8	1.06	1.07	aː	1	0.9697121	1	0.95603067
guf_09152_00540916881.TextGrid	1	અગાસ	ə g aː s	0.78	1.23	2	aː	0.98	1.12	9	1.07	1.08	aː	1	0.9474916	1	0.9435026
guf_09152_00540916881.TextGrid	1	અગાસ	ə g aː s	0.78	1.23	2	aː	0.98	1.12	10	1.08	1.09	aː	1	0.93300116	1	0.89507806
guf_09152_00540916881.TextGrid	1	અગાસ	ə g aː s	0.78	1.23	2	aː	0.98	1.12	11	1.09	1.1	aː	1	0.9004617	1	0.7638661
guf_09152_00540916881.TextGrid	1	અગાસ	ə g aː s	0.78	1.23	2	aː	0.98	1.12	12	1.1	1.11	aː	1	0.8374515	1	0.57254285
guf_09152_00540916881.TextGrid	1	અગાસ	ə g aː s	0.78	1.23	2	aː	0.98	1.12	13	1.11	1.12	ɾ	1	0.7607475	1	0.5554953
guf_09152_00540916881.TextGrid	1	અગાસ	ə g aː s	0.78	1.23	3	s	1.12	1.23	0	1.12	1.1300000000000001	ɾ	0	0.63748115	1	0.5073317
guf_09152_00540916881.TextGrid	1	અગાસ	ə g aː s	0.78	1.23	3	s	1.12	1.23	1	1.1300000000000001	1.1400000000000001	ph	0	0.34608126	1	0.31284472
guf_09152_00540916881.TextGrid	1	અગાસ	ə g aː s	0.78	1.23	3	s	1.12	1.23	2	1.1400000000000001	1.1500000000000001	ph	0	0.11990882	1	0.20459992
guf_09152_00540916881.TextGrid	1	અગાસ	ə g aː s	0.78	1.23	3	s	1.12	1.23	3	1.1500000000000001	1.1600000000000001	ph	0	0.040158927	1	0.25625065
guf_09152_00540916881.TextGrid	1	અગાસ	ə g aː s	0.78	1.23	3	s	1.12	1.23	4	1.16	1.17	ph	0	0.02513058	1	0.25284097
guf_09152_00540916881.TextGrid	1	અગાસ	ə g aː s	0.78	1.23	3	s	1.12	1.23	5	1.17	1.18	ph	0	0.022818947	1	0.23373102
guf_09152_00540916881.TextGrid	1	અગાસ	ə g aː s	0.78	1.23	3	s	1.12	1.23	6	1.18	1.19	ph	0	0.021564895	1	0.25418922
guf_09152_00540916881.TextGrid	1	અગાસ	ə g aː s	0.78	1.23	3	s	1.12	1.23	7	1.19	1.2	ph	0	0.015124369	1	0.31928772
guf_09152_00540916881.TextGrid	1	અગાસ	ə g aː s	0.78	1.23	3	s	1.12	1.23	8	1.2	1.21	s	0	0.10511731	1	0.7033663
guf_09152_00540916881.TextGrid	1	અગાસ	ə g aː s	0.78	1.23	3	s	1.12	1.23	9	1.21	1.22	s	0	0.05139191	1	0.6259731
guf_09152_00540916881.TextGrid	1	અગાસ	ə g aː s	0.78	1.23	3	s	1.12	1.23	10	1.22	1.23	s	0	0.059942033	1	0.58663815
guf_09152_00540916881.TextGrid	2	ગામના	g aː m ə n aː	1.23	1.71	0	g	1.23	1.33	0	1.23	1.24	s	0	0.08661996	0	0.62857276
guf_09152_00540916881.TextGrid	2	ગામના	g aː m ə n aː	1.23	1.71	0	g	1.23	1.33	1	1.24	1.25	s	0	0.104416974	0	0.6033806
guf_09152_00540916881.TextGrid	2	ગામના	g aː m ə n aː	1.23	1.71	0	g	1.23	1.33	2	1.25	1.26	s	0	0.16288957	0	0.46775064
guf_09152_00540916881.TextGrid	2	ગામના	g aː m ə n aː	1.23	1.71	0	g	1.23	1.33	3	1.26	1.27	b	0	0.18799374	0	0.27065915
guf_09152_00540916881.TextGrid	2	ગામના	g aː m ə n aː	1.23	1.71	0	g	1.23	1.33	4	1.27	1.28	b	0	0.06905837	0	0.091346815
guf_09152_00540916881.TextGrid	2	ગામના	g aː m ə n aː	1.23	1.71	0	g	1.23	1.33	5	1.28	1.29	b	0	0.035227746	0	0.033182416
guf_09152_00540916881.TextGrid	2	ગામના	g aː m ə n aː	1.23	1.71	0	g	1.23	1.33	6	1.29	1.3	b	0	0.016452126	0	0.010251668
guf_09152_00540916881.TextGrid	2	ગામના	g aː m ə n aː	1.23	1.71	0	g	1.23	1.33	7	1.3	1.31	b	0	0.034874234	0	0.0091310125
guf_09152_00540916881.TextGrid	2	ગામના	g aː m ə n aː	1.23	1.71	0	g	1.23	1.33	8	1.31	1.32	b	0	0.3314538	0	0.13868484
guf_09152_00540916881.TextGrid	2	ગામના	g aː m ə n aː	1.23	1.71	0	g	1.23	1.33	9	1.32	1.33	b	0	0.9516309	0	0.56018555
guf_09152_00540916881.TextGrid	2	ગામના	g aː m ə n aː	1.23	1.71	1	aː	1.33	1.43	0	1.33	1.34	aː	1	0.99240065	1	0.88244593
guf_09152_00540916881.TextGrid	2	ગામના	g aː m ə n aː	1.23	1.71	1	aː	1.33	1.43	1	1.34	1.35	aː	1	0.9923455	1	0.94377935
guf_09152_00540916881.TextGrid	2	ગામના	g aː m ə n aː	1.23	1.71	1	aː	1.33	1.43	2	1.35	1.36	aː	1	0.990825	1	0.94758135
guf_09152_00540916881.TextGrid	2	ગામના	g aː m ə n aː	1.23	1.71	1	aː	1.33	1.43	3	1.36	1.37	aː	1	0.98990405	1	0.9595631
guf_09152_00540916881.TextGrid	2	ગામના	g aː m ə n aː	1.23	1.71	1	aː	1.33	1.43	4	1.37	1.3800000000000001	aː	1	0.9889475	1	0.9610527
guf_09152_00540916881.TextGrid	2	ગામના	g aː m ə n aː	1.23	1.71	1	aː	1.33	1.43	5	1.3800000000000001	1.3900000000000001	aː	1	0.9888332	1	0.9654707
guf_09152_00540916881.TextGrid	2	ગામના	g aː m ə n aː	1.23	1.71	1	aː	1.33	1.43	6	1.3900000000000001	1.4000000000000001	aː	1	0.9893841	1	0.96876436
guf_09152_00540916881.TextGrid	2	ગામના	g aː m ə n aː	1.23	1.71	1	aː	1.33	1.43	7	1.4000000000000001	1.4100000000000001	aː	1	0.9904661	1	0.9575866
guf_09152_00540916881.TextGrid	2	ગામના	g aː m ə n aː	1.23	1.71	1	aː	1.33	1.43	8	1.41	1.42	aː	1	0.99041194	1	0.91104054
guf_09152_00540916881.TextGrid	2	ગામના	g aː m ə n aː	1.23	1.71	1	aː	1.33	1.43	9	1.42	1.43	aː	1	0.977598	1	0.6211467
guf_09152_00540916881.TextGrid	2	ગામના	g aː m ə n aː	1.23	1.71	2	m	1.43	1.5	0	1.43	1.44	n	1	0.97780585	0	0.5370964
guf_09152_00540916881.TextGrid	2	ગામના	g aː m ə n aː	1.23	1.71	2	m	1.43	1.5	1	1.44	1.45	n	1	0.97956836	0	0.34594253
guf_09152_00540916881.TextGrid	2	ગામના	g aː m ə n aː	1.23	1.71	2	m	1.43	1.5	2	1.45	1.46	n	1	0.97831947	0	0.23676066
guf_09152_00540916881.TextGrid	2	ગામના	g aː m ə n aː	1.23	1.71	2	m	1.43	1.5	3	1.46	1.47	n	1	0.98469746	0	0.18453026
guf_09152_00540916881.TextGrid	2	ગામના	g aː m ə n aː	1.23	1.71	2	m	1.43	1.5	4	1.47	1.48	n	1	0.9859035	0	0.10125808
guf_09152_00540916881.TextGrid	2	ગામના	g aː m ə n aː	1.23	1.71	2	m	1.43	1.5	5	1.48	1.49	n	1	0.9878171	0	0.0915708
guf_09152_00540916881.TextGrid	2	ગામના	g aː m ə n aː	1.23	1.71	2	m	1.43	1.5	6	1.49	1.5	n	1	0.98685	0	0.13621822
guf_09152_00540916881.TextGrid	2	ગામના	g aː m ə n aː	1.23	1.71	3	ə	1.5	1.51	0	1.5	1.51	n	1	0.98296034	1	0.2170609
guf_09152_00540916881.TextGrid	2	ગામના	g aː m ə n aː	1.23	1.71	4	n	1.51	1.59	0	1.51	1.52	u	1	0.968905	0	0.29574126
guf_09152_00540916881.TextGrid	2	ગામના	g aː m ə n aː	1.23	1.71	4	n	1.51	1.59	1	1.52	1.53	u	1	0.9429696	0	0.37217185
guf_09152_00540916881.TextGrid	2	ગામના	g aː m ə n aː	1.23	1.71	4	n	1.51	1.59	2	1.53	1.54	u	1	0.89933884	0	0.4415726
guf_09152_00540916881.TextGrid	2	ગામના	g aː m ə n aː	1.23	1.71	4	n	1.51	1.59	3	1.54	1.55	u	1	0.8439369	0	0.6035235
guf_09152_00540916881.TextGrid	2	ગામના	g aː m ə n aː	1.23	1.71	4	n	1.51	1.59	4	1.55	1.56	u	1	0.82136834	0	0.6854503
guf_09152_00540916881.TextGrid	2	ગામના	g aː m ə n aː	1.23	1.71	4	n	1.51	1.59	5	1.56	1.57	u	1	0.8329903	0	0.6609686
guf_09152_00540916881.TextGrid	2	ગામના	g aː m ə n aː	1.23	1.71	4	n	1.51	1.59	6	1.57	1.58	ɱ	1	0.881307	0	0.7124791
guf_09152_00540916881.TextGrid	2	ગામના	g aː m ə n aː	1.23	1.71	4	n	1.51	1.59	7	1.58	1.59	ɱ	1	0.91094756	0	0.82187396
guf_09152_00540916881.TextGrid	2	ગામના	g aː m ə n aː	1.23	1.71	5	aː	1.59	1.71	0	1.59	1.6	ɱ	1	0.9636661	1	0.95122665
guf_09152_00540916881.TextGrid	2	ગામના	g aː m ə n aː	1.23	1.71	5	aː	1.59	1.71	1	1.6	1.61	ɱ	1	0.9672285	1	0.9471142
guf_09152_00540916881.TextGrid	2	ગામના	g aː m ə n aː	1.23	1.71	5	aː	1.59	1.71	2	1.61	1.62	j	1	0.9687751	1	0.9688056
guf_09152_00540916881.TextGrid	2	ગામના	g aː m ə n aː	1.23	1.71	5	aː	1.59	1.71	3	1.62	1.6300000000000001	j	1	0.96270245	1	0.9736283
guf_09152_00540916881.TextGrid	2	ગામના	g aː m ə n aː	1.23	1.71	5	aː	1.59	1.71	4	1.6300000000000001	1.6400000000000001	j	1	0.9711174	1	0.98336625
guf_09152_00540916881.TextGrid	2	ગામના	g aː m ə n aː	1.23	1.71	5	aː	1.59	1.71	5	1.6400000000000001	1.6500000000000001	j	1	0.97213066	1	0.98609656
guf_09152_00540916881.TextGrid	2	ગામના	g aː m ə n aː	1.23	1.71	5	aː	1.59	1.71	6	1.6500000000000001	1.6600000000000001	j	1	0.97416604	1	0.98609155
guf_09152_00540916881.TextGrid	2	ગામના	g aː m ə n aː	1.23	1.71	5	aː	1.59	1.71	7	1.6600000000000001	1.6700000000000002	j	1	0.9791116	1	0.9866419
guf_09152_00540916881.TextGrid	2	ગામના	g aː m ə n aː	1.23	1.71	5	aː	1.59	1.71	8	1.67	1.68	aː	1	0.98121315	1	0.98628914
guf_09152_00540916881.TextGrid	2	ગામના	g aː m ə n aː	1.23	1.71	5	aː	1.59	1.71	9	1.68	1.69	aː	1	0.98177594	1	0.98550564
guf_09152_00540916881.TextGrid	2	ગામના	g aː m ə n aː	1.23	1.71	5	aː	1.59	1.71	10	1.69	1.7	aː	1	0.9791691	1	0.9820467
guf_09152_00540916881.TextGrid	2	ગામના	g aː m ə n aː	1.23	1.71	5	aː	1.59	1.71	11	1.7	1.71	aː	1	0.9699817	1	0.9647267
guf_09152_00540916881.TextGrid	3	લોકોનો	l o k o n o	1.71	2.25	0	l	1.71	1.78	0	1.71	1.72	l	1	0.9622541	1	0.7954507
guf_09152_00540916881.TextGrid	3	લોકોનો	l o k o n o	1.71	2.25	0	l	1.71	1.78	1	1.72	1.73	l	1	0.93474287	1	0.541031
guf_09152_00540916881.TextGrid	3	લોકોનો	l o k o n o	1.71	2.25	0	l	1.71	1.78	2	1.73	1.74	l	1	0.9199523	1	0.5255593
guf_09152_00540916881.TextGrid	3	લોકોનો	l o k o n o	1.71	2.25	0	l	1.71	1.78	3	1.74	1.75	l	1	0.919304	1	0.56094766
guf_09152_00540916881.TextGrid	3	લોકોનો	l o k o n o	1.71	2.25	0	l	1.71	1.78	4	1.75	1.76	l	1	0.9281707	1	0.56158924
guf_09152_00540916881.TextGrid	3	લોકોનો	l o k o n o	1.71	2.25	0	l	1.71	1.78	5	1.76	1.77	l	1	0.93213356	1	0.63393307
guf_09152_00540916881.TextGrid	3	લોકોનો	l o k o n o	1.71	2.25	0	l	1.71	1.78	6	1.77	1.78	l	1	0.9397997	1	0.7471677
guf_09152_00540916881.TextGrid	3	લોકોનો	l o k o n o	1.71	2.25	1	o	1.78	1.87	0	1.78	1.79	l	1	0.9238551	1	0.85075027
guf_09152_00540916881.TextGrid	3	લોકોનો	l o k o n o	1.71	2.25	1	o	1.78	1.87	1	1.79	1.8	j	1	0.9432272	1	0.889477
guf_09152_00540916881.TextGrid	3	લોકોનો	l o k o n o	1.71	2.25	1	o	1.78	1.87	2	1.8	1.81	j	1	0.9750572	1	0.9516314
guf_09152_00540916881.TextGrid	3	લોકોનો	l o k o n o	1.71	2.25	1	o	1.78	1.87	3	1.81	1.82	j	1	0.98177403	1	0.96914244
guf_09152_00540916881.TextGrid	3	લોકોનો	l o k o n o	1.71	2.25	1	o	1.78	1.87	4	1.82	1.83	j	1	0.9804325	1	0.9692245
guf_09152_00540916881.TextGrid	3	લોકોનો	l o k o n o	1.71	2.25	1	o	1.78	1.87	5	1.83	1.84	j	1	0.97350115	1	0.95662224
guf_09152_00540916881.TextGrid	3	લોકોનો	l o k o n o	1.71	2.25	1	o	1.78	1.87	6	1.84	1.85	j	1	0.974719	1	0.9372407
guf_09152_00540916881.TextGrid	3	લોકોનો	l o k o n o	1.71	2.25	1	o	1.78	1.87	7	1.85	1.86	ə	1	0.95676744	1	0.8952583
guf_09152_00540916881.TextGrid	3	લોકોનો	l o k o n o	1.71	2.25	1	o	1.78	1.87	8	1.86	1.87	ə	1	0.74476385	1	0.66921586
guf_09152_00540916881.TextGrid	3	લોકોનો	l o k o n o	1.71	2.25	2	k	1.87	1.97	0	1.87	1.8800000000000001	k	0	0.27873242	0	0.2927469
guf_09152_00540916881.TextGrid	3	લોકોનો	l o k o n o	1.71	2.25	2	k	1.87	1.97	1	1.8800000000000001	1.8900000000000001	k	0	0.050856005	0	0.061013293
guf_09152_00540916881.TextGrid	3	લોકોનો	l o k o n o	1.71	2.25	2	k	1.87	1.97	2	1.8900000000000001	1.9000000000000001	k	0	0.01754793	0	0.025463562
guf_09152_00540916881.TextGrid	3	લોકોનો	l o k o n o	1.71	2.25	2	k	1.87	1.97	3	1.9000000000000001	1.9100000000000001	k	0	0.011923828	0	0.017271996
guf_09152_00540916881.TextGrid	3	લોકોનો	l o k o n o	1.71	2.25	2	k	1.87	1.97	4	1.9100000000000001	1.9200000000000002	k	0	0.010114235	0	0.014539556
guf_09152_00540916881.TextGrid	3	લોકોનો	l o k o n o	1.71	2.25	2	k	1.87	1.97	5	1.92	1.93	k	0	0.0072666537	0	0.009610142
guf_09152_00540916881.TextGrid	3	લોકોનો	l o k o n o	1.71	2.25	2	k	1.87	1.97	6	1.93	1.94	k	0	0.0073491824	0	0.010868269
guf_09152_00540916881.TextGrid	3	લોકોનો	l o k o n o	1.71	2.25	2	k	1.87	1.97	7	1.94	1.95	k	0	0.009388753	0	0.013626782
guf_09152_00540916881.TextGrid	3	લોકોનો	l o k o n o	1.71	2.25	2	k	1.87	1.97	8	1.95	1.96	k	0	0.015449956	0	0.018218502
guf_09152_00540916881.TextGrid	3	લોકોનો	l o k o n o	1.71	2.25	2	k	1.87	1.97	9	1.96	1.97	k	0	0.061619647	0	0.06502318
guf_09152_00540916881.TextGrid	3	લોકોનો	l o k o n o	1.71	2.25	3	o	1.97	2.07	0	1.97	1.98	k	1	0.39622602	1	0.43399596
guf_09152_00540916881.TextGrid	3	લોકોનો	l o k o n o	1.71	2.25	3	o	1.97	2.07	1	1.98	1.99	ə	1	0.9588735	1	0.9480498
guf_09152_00540916881.TextGrid	3	લોકોનો	l o k o n o	1.71	2.25	3	o	1.97	2.07	2	1.99	2.0	ə	1	0.9413747	1	0.9337906
guf_09152_00540916881.TextGrid	3	લોકોનો	l o k o n o	1.71	2.25	3	o	1.97	2.07	3	2.0	2.01	ɳ	1	0.9736404	1	0.73254985
guf_09152_00540916881.TextGrid	3	લોકોનો	l o k o n o	1.71	2.25	3	o	1.97	2.07	4	2.0100000000000002	2.02	ɳ	1	0.98434144	1	0.901239
guf_09152_00540916881.TextGrid	3	લોકોનો	l o k o n o	1.71	2.25	3	o	1.97	2.07	5	2.02	2.03	ɳ	1	0.9895062	1	0.9388958
guf_09152_00540916881.TextGrid	3	લોકોનો	l o k o n o	1.71	2.25	3	o	1.97	2.07	6	2.0300000000000002	2.04	ɳ	1	0.98370475	1	0.95669764
guf_09152_00540916881.TextGrid	3	લોકોનો	l o k o n o	1.71	2.25	3	o	1.97	2.07	7	2.04	2.05	j	1	0.97893846	1	0.9590811
guf_09152_00540916881.TextGrid	3	લોકોનો	l o k o n o	1.71	2.25	3	o	1.97	2.07	8	2.05	2.0599999999999996	j	1	0.9770816	1	0.96114695
guf_09152_00540916881.TextGrid	3	લોકોનો	l o k o n o	1.71	2.25	3	o	1.97	2.07	9	2.06	2.07	j	1	0.98214394	1	0.9720944
guf_09152_00540916881.TextGrid	3	લોકોનો	l o k o n o	1.71	2.25	4	n	2.07	2.15	0	2.07	2.0799999999999996	j	1	0.98321044	0	0.95926374
guf_09152_00540916881.TextGrid	3	લોકોનો	l o k o n o	1.71	2.25	4	n	2.07	2.15	1	2.08	2.09	j	1	0.96110344	0	0.8863374
guf_09152_00540916881.TextGrid	3	લોકોનો	l o k o n o	1.71	2.25	4	n	2.07	2.15	2	2.09	2.0999999999999996	j	1	0.9584641	0	0.937874
guf_09152_00540916881.TextGrid	3	લોકોનો	l o k o n o	1.71	2.25	4	n	2.07	2.15	3	2.1	2.11	j	1	0.9628167	0	0.9625339
guf_09152_00540916881.TextGrid	3	લોકોનો	l o k o n o	1.71	2.25	4	n	2.07	2.15	4	2.11	2.1199999999999997	j	1	0.95954597	0	0.96809274
guf_09152_00540916881.TextGrid	3	લોકોનો	l o k o n o	1.71	2.25	4	n	2.07	2.15	5	2.12	2.13	j	1	0.9579969	0	0.9661954
guf_09152_00540916881.TextGrid	3	લોકોનો	l o k o n o	1.71	2.25	4	n	2.07	2.15	6	2.13	2.1399999999999997	j	1	0.96372616	0	0.95623416
guf_09152_00540916881.TextGrid	3	લોકોનો	l o k o n o	1.71	2.25	4	n	2.07	2.15	7	2.14	2.15	j	1	0.9686339	0	0.95973784
guf_09152_00540916881.TextGrid	3	લોકોનો	l o k o n o	1.71	2.25	5	o	2.15	2.25	0	2.15	2.1599999999999997	j	1	0.98911816	1	0.9781401
guf_09152_00540916881.TextGrid	3	લોકોનો	l o k o n o	1.71	2.25	5	o	2.15	2.25	1	2.16	2.17	j	1	0.99055606	1	0.9820739
guf_09152_00540916881.TextGrid	3	લોકોનો	l o k o n o	1.71	2.25	5	o	2.15	2.25	2	2.17	2.1799999999999997	j	1	0.9940042	1	0.9868118
guf_09152_00540916881.TextGrid	3	લોકોનો	l o k o n o	1.71	2.25	5	o	2.15	2.25	3	2.18	2.19	j	1	0.9923625	1	0.9723106
guf_09152_00540916881.TextGrid	3	લોકોનો	l o k o n o	1.71	2.25	5	o	2.15	2.25	4	2.19	2.1999999999999997	j	1	0.9901226	1	0.9585249
guf_09152_00540916881.TextGrid	3	લોકોનો	l o k o n o	1.71	2.25	5	o	2.15	2.25	5	2.2	2.21	j	1	0.98463976	1	0.9546952
guf_09152_00540916881.TextGrid	3	લોકોનો	l o k o n o	1.71	2.25	5	o	2.15	2.25	6	2.21	2.2199999999999998	ɭ	1	0.97833717	1	0.9277844
guf_09152_00540916881.TextGrid	3	લોકોનો	l o k o n o	1.71	2.25	5	o	2.15	2.25	7	2.22	2.23	ɭ	1	0.98318994	1	0.88304955
guf_09152_00540916881.TextGrid	3	લોકોનો	l o k o n o	1.71	2.25	5	o	2.15	2.25	8	2.23	2.2399999999999998	ɭ	1	0.9839901	1	0.8299952
guf_09152_00540916881.TextGrid	3	લોકોનો	l o k o n o	1.71	2.25	5	o	2.15	2.25	9	2.24	2.25	l	1	0.98198444	1	0.7781491
guf_09152_00540916881.TextGrid	4	મુખ્ય	m u kh j	2.25	2.66	0	m	2.25	2.36	0	2.25	2.26	l	1	0.9648768	0	0.79073024
guf_09152_00540916881.TextGrid	4	મુખ્ય	m u kh j	2.25	2.66	0	m	2.25	2.36	1	2.2600000000000002	2.27	l	1	0.9318247	0	0.7706617
guf_09152_00540916881.TextGrid	4	મુખ્ય	m u kh j	2.25	2.66	0	m	2.25	2.36	2	2.27	2.28	l	1	0.95143366	0	0.8388439
guf_09152_00540916881.TextGrid	4	મુખ્ય	m u kh j	2.25	2.66	0	m	2.25	2.36	3	2.2800000000000002	2.29	l	1	0.94971204	0	0.856792
guf_09152_00540916881.TextGrid	4	મુખ્ય	m u kh j	2.25	2.66	0	m	2.25	2.36	4	2.29	2.3	l	1	0.9627059	0	0.883314
guf_09152_00540916881.TextGrid	4	મુખ્ય	m u kh j	2.25	2.66	0	m	2.25	2.36	5	2.3000000000000003	2.31	l	1	0.9689162	0	0.86392707
guf_09152_00540916881.TextGrid	4	મુખ્ય	m u kh j	2.25	2.66	0	m	2.25	2.36	6	2.31	2.32	l	1	0.9702398	0	0.7898923
guf_09152_00540916881.TextGrid	4	મુખ્ય	m u kh j	2.25	2.66	0	m	2.25	2.36	7	2.32	2.3299999999999996	l	1	0.96039253	0	0.5087213
guf_09152_00540916881.TextGrid	4	મુખ્ય	m u kh j	2.25	2.66	0	m	2.25	2.36	8	2.33	2.34	l	1	0.9604541	0	0.29148972
guf_09152_00540916881.TextGrid	4	મુખ્ય	m u kh j	2.25	2.66	0	m	2.25	2.36	9	2.34	2.3499999999999996	l	1	0.9664792	0	0.25155535
guf_09152_00540916881.TextGrid	4	મુખ્ય	m u kh j	2.25	2.66	0	m	2.25	2.36	10	2.35	2.36	l	1	0.9688919	0	0.2368286
guf_09152_00540916881.TextGrid	4	મુખ્ય	m u kh j	2.25	2.66	1	u	2.36	2.44	0	2.36	2.3699999999999997	l	1	0.9736738	1	0.29972997
guf_09152_00540916881.TextGrid	4	મુખ્ય	m u kh j	2.25	2.66	1	u	2.36	2.44	1	2.37	2.38	o	1	0.9632178	1	0.46101174
guf_09152_00540916881.TextGrid	4	મુખ્ય	m u kh j	2.25	2.66	1	u	2.36	2.44	2	2.38	2.3899999999999997	o	1	0.96915454	1	0.6164764
guf_09152_00540916881.TextGrid	4	મુખ્ય	m u kh j	2.25	2.66	1	u	2.36	2.44	3	2.39	2.4	o	1	0.9636735	1	0.7308683
guf_09152_00540916881.TextGrid	4	મુખ્ય	m u kh j	2.25	2.66	1	u	2.36	2.44	4	2.4	2.4099999999999997	o	1	0.9809169	1	0.9629708
guf_09152_00540916881.TextGrid	4	મુખ્ય	m u kh j	2.25	2.66	1	u	2.36	2.44	5	2.41	2.42	o	1	0.9811018	1	0.9526552
guf_09152_00540916881.TextGrid	4	મુખ્ય	m u kh j	2.25	2.66	1	u	2.36	2.44	6	2.42	2.4299999999999997	o	1	0.94755054	1	0.8914003
guf_09152_00540916881.TextGrid	4	મુખ્ય	m u kh j	2.25	2.66	1	u	2.36	2.44	7	2.43	2.44	p	1	0.8334602	1	0.7560784
guf_09152_00540916881.TextGrid	4	મુખ્ય	m u kh j	2.25	2.66	2	kh	2.44	2.58	0	2.44	2.4499999999999997	p	0	0.6014602	0	0.54284215
guf_09152_00540916881.TextGrid	4	મુખ્ય	m u kh j	2.25	2.66	2	kh	2.44	2.58	1	2.45	2.46	p	0	0.3734709	0	0.32985482
guf_09152_00540916881.TextGrid	4	મુખ્ય	m u kh j	2.25	2.66	2	kh	2.44	2.58	2	2.46	2.4699999999999998	p	0	0.18219864	0	0.20304023
guf_09152_00540916881.TextGrid	4	મુખ્ય	m u kh j	2.25	2.66	2	kh	2.44	2.58	3	2.47	2.48	p	0	0.06737621	0	0.13191147
guf_09152_00540916881.TextGrid	4	મુખ્ય	m u kh j	2.25	2.66	2	kh	2.44	2.58	4	2.48	2.4899999999999998	p	0	0.031341333	0	0.07952988
guf_09152_00540916881.TextGrid	4	મુખ્ય	m u kh j	2.25	2.66	2	kh	2.44	2.58	5	2.49	2.5	k	0	0.018142134	0	0.051137865
guf_09152_00540916881.TextGrid	4	મુખ્ય	m u kh j	2.25	2.66	2	kh	2.44	2.58	6	2.5	2.51	k	0	0.014848609	0	0.046962894
guf_09152_00540916881.TextGrid	4	મુખ્ય	m u kh j	2.25	2.66	2	kh	2.44	2.58	7	2.5100000000000002	2.52	k	0	0.008438155	0	0.029999541
guf_09152_00540916881.TextGrid	4	મુખ્ય	m u kh j	2.25	2.66	2	kh	2.44	2.58	8	2.52	2.53	t	0	0.006681755	0	0.024689192
guf_09152_00540916881.TextGrid	4	મુખ્ય	m u kh j	2.25	2.66	2	kh	2.44	2.58	9	2.5300000000000002	2.54	t	0	0.01276427	0	0.055815138
guf_09152_00540916881.TextGrid	4	મુખ્ય	m u kh j	2.25	2.66	2	kh	2.44	2.58	10	2.54	2.55	t	0	0.02791928	0	0.14179663
guf_09152_00540916881.TextGrid	4	મુખ્ય	m u kh j	2.25	2.66	2	kh	2.44	2.58	11	2.5500000000000003	2.56	s	0	0.041976232	0	0.23281734
guf_09152_00540916881.TextGrid	4	મુખ્ય	m u kh j	2.25	2.66	2	kh	2.44	2.58	12	2.56	2.57	s	0	0.044460952	0	0.4002955
guf_09152_00540916881.TextGrid	4	મુખ્ય	m u kh j	2.25	2.66	2	kh	2.44	2.58	13	2.57	2.5799999999999996	s	0	0.060629036	0	0.49945343
guf_09152_00540916881.TextGrid	4	મુખ્ય	m u kh j	2.25	2.66	3	j	2.58	2.66	0	2.58	2.59	s	1	0.32725987	1	0.6616709
guf_09152_00540916881.TextGrid	4	મુખ્ય	m u kh j	2.25	2.66	3	j	2.58	2.66	1	2.59	2.5999999999999996	ʋ	1	0.70478785	1	0.8321276
guf_09152_00540916881.TextGrid	4	મુખ્ય	m u kh j	2.25	2.66	3	j	2.58	2.66	2	2.6	2.61	ʋ	1	0.910774	1	0.958263
guf_09152_00540916881.TextGrid	4	મુખ્ય	m u kh j	2.25	2.66	3	j	2.58	2.66	3	2.61	2.6199999999999997	ʋ	1	0.98319894	1	0.98760825
guf_09152_00540916881.TextGrid	4	મુખ્ય	m u kh j	2.25	2.66	3	j	2.58	2.66	4	2.62	2.63	aː	1	0.9883271	1	0.98443663
guf_09152_00540916881.TextGrid	4	મુખ્ય	m u kh j	2.25	2.66	3	j	2.58	2.66	5	2.63	2.6399999999999997	aː	1	0.9892792	1	0.9825859
guf_09152_00540916881.TextGrid	4	મુખ્ય	m u kh j	2.25	2.66	3	j	2.58	2.66	6	2.64	2.65	aː	1	0.988602	1	0.98284894
guf_09152_00540916881.TextGrid	4	મુખ્ય	m u kh j	2.25	2.66	3	j	2.58	2.66	7	2.65	2.6599999999999997	aː	1	0.98558885	1	0.98182803
guf_09152_00540916881.TextGrid	5	વ્યવસાય	ʋ j ʋ ə s aː j	2.66	3.19	0	ʋ	2.66	2.73	0	2.66	2.67	aː	1	0.97139144	1	0.96497136
guf_09152_00540916881.TextGrid	5	વ્યવસાય	ʋ j ʋ ə s aː j	2.66	3.19	0	ʋ	2.66	2.73	1	2.67	2.6799999999999997	aː	1	0.9434644	1	0.95681
guf_09152_00540916881.TextGrid	5	વ્યવસાય	ʋ j ʋ ə s aː j	2.66	3.19	0	ʋ	2.66	2.73	2	2.68	2.69	ɾ	1	0.9428161	1	0.91751117
guf_09152_00540916881.TextGrid	5	વ્યવસાય	ʋ j ʋ ə s aː j	2.66	3.19	0	ʋ	2.66	2.73	3	2.69	2.6999999999999997	ɾ	1	0.82291824	1	0.78615624
guf_09152_00540916881.TextGrid	5	વ્યવસાય	ʋ j ʋ ə s aː j	2.66	3.19	0	ʋ	2.66	2.73	4	2.7	2.71	p	1	0.6245801	1	0.6906679
guf_09152_00540916881.TextGrid	5	વ્યવસાય	ʋ j ʋ ə s aː j	2.66	3.19	0	ʋ	2.66	2.73	5	2.71	2.7199999999999998	p	1	0.7221579	1	0.75490385
guf_09152_00540916881.TextGrid	5	વ્યવસાય	ʋ j ʋ ə s aː j	2.66	3.19	0	ʋ	2.66	2.73	6	2.72	2.73	o	1	0.83432925	1	0.86289495
guf_09152_00540916881.TextGrid	5	વ્યવસાય	ʋ j ʋ ə s aː j	2.66	3.19	1	j	2.73	2.82	0	2.73	2.7399999999999998	o	1	0.9267733	1	0.9488245
guf_09152_00540916881.TextGrid	5	વ્યવસાય	ʋ j ʋ ə s aː j	2.66	3.19	1	j	2.73	2.82	1	2.74	2.75	o	1	0.97785074	1	0.9835279
guf_09152_00540916881.TextGrid	5	વ્યવસાય	ʋ j ʋ ə s aː j	2.66	3.19	1	j	2.73	2.82	2	2.75	2.76	o	1	0.9868068	1	0.98954976
guf_09152_00540916881.TextGrid	5	વ્યવસાય	ʋ j ʋ ə s aː j	2.66	3.19	1	j	2.73	2.82	3	2.7600000000000002	2.77	o	1	0.9852313	1	0.98546994
guf_09152_00540916881.TextGrid	5	વ્યવસાય	ʋ j ʋ ə s aː j	2.66	3.19	1	j	2.73	2.82	4	2.77	2.78	o	1	0.9769369	1	0.9742332
guf_09152_00540916881.TextGrid	5	વ્યવસાય	ʋ j ʋ ə s aː j	2.66	3.19	1	j	2.73	2.82	5	2.7800000000000002	2.79	əʋ	1	0.9590066	1	0.97385854
guf_09152_00540916881.TextGrid	5	વ્યવસાય	ʋ j ʋ ə s aː j	2.66	3.19	1	j	2.73	2.82	6	2.79	2.8	əʋ	1	0.90283835	1	0.97539705
guf_09152_00540916881.TextGrid	5	વ્યવસાય	ʋ j ʋ ə s aː j	2.66	3.19	1	j	2.73	2.82	7	2.8000000000000003	2.81	əʋ	1	0.9915298	1	0.98532075
guf_09152_00540916881.TextGrid	5	વ્યવસાય	ʋ j ʋ ə s aː j	2.66	3.19	1	j	2.73	2.82	8	2.81	2.82	o	1	0.9960135	1	0.99645483
guf_09152_00540916881.TextGrid	5	વ્યવસાય	ʋ j ʋ ə s aː j	2.66	3.19	2	ʋ	2.82	2.87	0	2.82	2.8299999999999996	o	1	0.99555993	1	0.99530184
guf_09152_00540916881.TextGrid	5	વ્યવસાય	ʋ j ʋ ə s aː j	2.66	3.19	2	ʋ	2.82	2.87	1	2.83	2.84	o	1	0.99405813	1	0.9867215
guf_09152_00540916881.TextGrid	5	વ્યવસાય	ʋ j ʋ ə s aː j	2.66	3.19	2	ʋ	2.82	2.87	2	2.84	2.8499999999999996	o	1	0.98067254	1	0.9274876
guf_09152_00540916881.TextGrid	5	વ્યવસાય	ʋ j ʋ ə s aː j	2.66	3.19	2	ʋ	2.82	2.87	3	2.85	2.86	ɭ	1	0.96720916	1	0.8302726
guf_09152_00540916881.TextGrid	5	વ્યવસાય	ʋ j ʋ ə s aː j	2.66	3.19	2	ʋ	2.82	2.87	4	2.86	2.8699999999999997	ɭ	1	0.9609008	1	0.9141866
guf_09152_00540916881.TextGrid	5	વ્યવસાય	ʋ j ʋ ə s aː j	2.66	3.19	3	ə	2.87	2.94	0	2.87	2.88	ɭ	1	0.97246075	1	0.9463308
guf_09152_00540916881.TextGrid	5	વ્યવસાય	ʋ j ʋ ə s aː j	2.66	3.19	3	ə	2.87	2.94	1	2.88	2.8899999999999997	o	1	0.97359306	1	0.9549779
guf_09152_00540916881.TextGrid	5	વ્યવસાય	ʋ j ʋ ə s aː j	2.66	3.19	3	ə	2.87	2.94	2	2.89	2.9	o	1	0.98487157	1	0.99006236
guf_09152_00540916881.TextGrid	5	વ્યવસાય	ʋ j ʋ ə s aː j	2.66	3.19	3	ə	2.87	2.94	3	2.9	2.9099999999999997	o	1	0.9853533	1	0.99154985
guf_09152_00540916881.TextGrid	5	વ્યવસાય	ʋ j ʋ ə s aː j	2.66	3.19	3	ə	2.87	2.94	4	2.91	2.92	o	1	0.9820519	1	0.98067445
guf_09152_00540916881.TextGrid	5	વ્યવસાય	ʋ j ʋ ə s aː j	2.66	3.19	3	ə	2.87	2.94	5	2.92	2.9299999999999997	o	1	0.9449778	1	0.91071206
guf_09152_00540916881.TextGrid	5	વ્યવસાય	ʋ j ʋ ə s aː j	2.66	3.19	3	ə	2.87	2.94	6	2.93	2.94	o	1	0.72254246	1	0.61741555
guf_09152_00540916881.TextGrid	5	વ્યવસાય	ʋ j ʋ ə s aː j	2.66	3.19	4	s	2.94	3.06	0	2.94	2.9499999999999997	ph	0	0.4051894	1	0.31892326
guf_09152_00540916881.TextGrid	5	વ્યવસાય	ʋ j ʋ ə s aː j	2.66	3.19	4	s	2.94	3.06	1	2.95	2.96	ph	0	0.12296209	1	0.081435554
guf_09152_00540916881.TextGrid	5	વ્યવસાય	ʋ j ʋ ə s aː j	2.66	3.19	4	s	2.94	3.06	2	2.96	2.9699999999999998	ph	0	0.06347543	1	0.05441584
guf_09152_00540916881.TextGrid	5	વ્યવસાય	ʋ j ʋ ə s aː j	2.66	3.19	4	s	2.94	3.06	3	2.97	2.98	ph	0	0.06033072	1	0.053972512
guf_09152_00540916881.TextGrid	5	વ્યવસાય	ʋ j ʋ ə s aː j	2.66	3.19	4	s	2.94	3.06	4	2.98	2.9899999999999998	ph	0	0.06389006	1	0.05855065
guf_09152_00540916881.TextGrid	5	વ્યવસાય	ʋ j ʋ ə s aː j	2.66	3.19	4	s	2.94	3.06	5	2.99	3.0	ph	0	0.06275786	1	0.06486818
guf_09152_00540916881.TextGrid	5	વ્યવસાય	ʋ j ʋ ə s aː j	2.66	3.19	4	s	2.94	3.06	6	3.0	3.01	ph	0	0.052528743	1	0.04906557
guf_09152_00540916881.TextGrid	5	વ્યવસાય	ʋ j ʋ ə s aː j	2.66	3.19	4	s	2.94	3.06	7	3.0100000000000002	3.02	ph	0	0.045363944	1	0.044143487
guf_09152_00540916881.TextGrid	5	વ્યવસાય	ʋ j ʋ ə s aː j	2.66	3.19	4	s	2.94	3.06	8	3.02	3.03	ph	0	0.077409565	1	0.10039585
guf_09152_00540916881.TextGrid	5	વ્યવસાય	ʋ j ʋ ə s aː j	2.66	3.19	4	s	2.94	3.06	9	3.0300000000000002	3.04	ph	0	0.09804593	1	0.18688278
guf_09152_00540916881.TextGrid	5	વ્યવસાય	ʋ j ʋ ə s aː j	2.66	3.19	4	s	2.94	3.06	10	3.04	3.05	ph	0	0.07247761	1	0.17012733
guf_09152_00540916881.TextGrid	5	વ્યવસાય	ʋ j ʋ ə s aː j	2.66	3.19	4	s	2.94	3.06	11	3.0500000000000003	3.06	ph	0	0.16504508	1	0.23694132
guf_09152_00540916881.TextGrid	5	વ્યવસાય	ʋ j ʋ ə s aː j	2.66	3.19	5	aː	3.06	3.1	0	3.06	3.07	ʋ	1	0.43669453	1	0.4868359
guf_09152_00540916881.TextGrid	5	વ્યવસાય	ʋ j ʋ ə s aː j	2.66	3.19	5	aː	3.06	3.1	1	3.0700000000000003	3.08	ʋ	1	0.89772826	1	0.8868864
guf_09152_00540916881.TextGrid	5	વ્યવસાય	ʋ j ʋ ə s aː j	2.66	3.19	5	aː	3.06	3.1	2	3.08	3.09	ʋ	1	0.9513715	1	0.9616515
guf_09152_00540916881.TextGrid	5	વ્યવસાય	ʋ j ʋ ə s aː j	2.66	3.19	5	aː	3.06	3.1	3	3.09	3.0999999999999996	əʋ	1	0.95414835	1	0.9675341
guf_09152_00540916881.TextGrid	5	વ્યવસાય	ʋ j ʋ ə s aː j	2.66	3.19	6	j	3.1	3.19	0	3.1	3.11	əʋ	1	0.9480776	1	0.95664406
guf_09152_00540916881.TextGrid	5	વ્યવસાય	ʋ j ʋ ə s aː j	2.66	3.19	6	j	3.1	3.19	1	3.11	3.1199999999999997	əʋ	1	0.9476998	1	0.9551946
guf_09152_00540916881.TextGrid	5	વ્યવસાય	ʋ j ʋ ə s aː j	2.66	3.19	6	j	3.1	3.19	2	3.12	3.13	o	1	0.95156294	1	0.9619145
guf_09152_00540916881.TextGrid	5	વ્યવસાય	ʋ j ʋ ə s aː j	2.66	3.19	6	j	3.1	3.19	3	3.13	3.1399999999999997	o	1	0.9506889	1	0.9648062
guf_09152_00540916881.TextGrid	5	વ્યવસાય	ʋ j ʋ ə s aː j	2.66	3.19	6	j	3.1	3.19	4	3.14	3.15	o	1	0.94390696	1	0.9551398
guf_09152_00540916881.TextGrid	5	વ્યવસાય	ʋ j ʋ ə s aː j	2.66	3.19	6	j	3.1	3.19	5	3.15	3.1599999999999997	o	1	0.8381653	1	0.8629031
guf_09152_00540916881.TextGrid	5	વ્યવસાય	ʋ j ʋ ə s aː j	2.66	3.19	6	j	3.1	3.19	6	3.16	3.17	əʋ	1	0.6271947	1	0.6670531
guf_09152_00540916881.TextGrid	5	વ્યવસાય	ʋ j ʋ ə s aː j	2.66	3.19	6	j	3.1	3.19	7	3.17	3.1799999999999997	əʋ	1	0.37092087	1	0.39692807
guf_09152_00540916881.TextGrid	5	વ્યવસાય	ʋ j ʋ ə s aː j	2.66	3.19	6	j	3.1	3.19	8	3.18	3.19	əʋ	1	0.2682669	1	0.29580882
guf_09152_00540916881.TextGrid	6	ખેતી	kh e t iː	3.19	3.62	0	kh	3.19	3.31	0	3.19	3.1999999999999997	əʋ	0	0.09319252	0	0.10021643
guf_09152_00540916881.TextGrid	6	ખેતી	kh e t iː	3.19	3.62	0	kh	3.19	3.31	1	3.2	3.21	k	0	0.119399115	0	0.14582437
guf_09152_00540916881.TextGrid	6	ખેતી	kh e t iː	3.19	3.62	0	kh	3.19	3.31	2	3.21	3.2199999999999998	k	0	0.049605407	0	0.062087823
guf_09152_00540916881.TextGrid	6	ખેતી	kh e t iː	3.19	3.62	0	kh	3.19	3.31	3	3.22	3.23	k	0	0.029596468	0	0.035331074
guf_09152_00540916881.TextGrid	6	ખેતી	kh e t iː	3.19	3.62	0	kh	3.19	3.31	4	3.23	3.2399999999999998	k	0	0.02205722	0	0.028252872
guf_09152_00540916881.TextGrid	6	ખેતી	kh e t iː	3.19	3.62	0	kh	3.19	3.31	5	3.24	3.25	k	0	0.017202359	0	0.019762011
guf_09152_00540916881.TextGrid	6	ખેતી	kh e t iː	3.19	3.62	0	kh	3.19	3.31	6	3.25	3.26	k	0	0.015756644	0	0.029503075
guf_09152_00540916881.TextGrid	6	ખેતી	kh e t iː	3.19	3.62	0	kh	3.19	3.31	7	3.2600000000000002	3.27	k	0	0.016974317	0	0.04053621
guf_09152_00540916881.TextGrid	6	ખેતી	kh e t iː	3.19	3.62	0	kh	3.19	3.31	8	3.27	3.28	k	0	0.021316346	0	0.064199746
guf_09152_00540916881.TextGrid	6	ખેતી	kh e t iː	3.19	3.62	0	kh	3.19	3.31	9	3.2800000000000002	3.29	k	0	0.041681785	0	0.09887377
guf_09152_00540916881.TextGrid	6	ખેતી	kh e t iː	3.19	3.62	0	kh	3.19	3.31	10	3.29	3.3	s	0	0.0684283	0	0.1980564
guf_09152_00540916881.TextGrid	6	ખેતી	kh e t iː	3.19	3.62	0	kh	3.19	3.31	11	3.3000000000000003	3.31	s	0	0.13848926	0	0.38110223
guf_09152_00540916881.TextGrid	6	ખેતી	kh e t iː	3.19	3.62	1	e	3.31	3.41	0	3.31	3.32	s	1	0.4343997	1	0.69494796
guf_09152_00540916881.TextGrid	6	ખેતી	kh e t iː	3.19	3.62	1	e	3.31	3.41	1	3.3200000000000003	3.33	ʋ	1	0.9737424	1	0.97619504
guf_09152_00540916881.TextGrid	6	ખેતી	kh e t iː	3.19	3.62	1	e	3.31	3.41	2	3.33	3.34	ʋ	1	0.99247897	1	0.9930146
guf_09152_00540916881.TextGrid	6	ખેતી	kh e t iː	3.19	3.62	1	e	3.31	3.41	3	3.34	3.3499999999999996	o	1	0.994399	1	0.9948394
guf_09152_00540916881.TextGrid	6	ખેતી	kh e t iː	3.19	3.62	1	e	3.31	3.41	4	3.35	3.36	o	1	0.99404645	1	0.9947136
guf_09152_00540916881.TextGrid	6	ખેતી	kh e t iː	3.19	3.62	1	e	3.31	3.41	5	3.36	3.3699999999999997	o	1	0.9941567	1	0.99454665
guf_09152_00540916881.TextGrid	6	ખેતી	kh e t iː	3.19	3.62	1	e	3.31	3.41	6	3.37	3.38	o	1	0.99488705	1	0.99450004
guf_09152_00540916881.TextGrid	6	ખેતી	kh e t iː	3.19	3.62	1	e	3.31	3.41	7	3.38	3.3899999999999997	o	1	0.99409986	1	0.9934261
guf_09152_00540916881.TextGrid	6	ખેતી	kh e t iː	3.19	3.62	1	e	3.31	3.41	8	3.39	3.4	o	1	0.9907409	1	0.99083275
guf_09152_00540916881.TextGrid	6	ખેતી	kh e t iː	3.19	3.62	1	e	3.31	3.41	9	3.4	3.4099999999999997	o	1	0.9788534	1	0.9780783
guf_09152_00540916881.TextGrid	6	ખેતી	kh e t iː	3.19	3.62	2	t	3.41	3.51	0	3.41	3.42	o	0	0.74622	0	0.80407584
guf_09152_00540916881.TextGrid	6	ખેતી	kh e t iː	3.19	3.62	2	t	3.41	3.51	1	3.42	3.4299999999999997	k	0	0.25805265	0	0.31992808
guf_09152_00540916881.TextGrid	6	ખેતી	kh e t iː	3.19	3.62	2	t	3.41	3.51	2	3.43	3.44	k	0	0.011036842	0	0.013215992
guf_09152_00540916881.TextGrid	6	ખેતી	kh e t iː	3.19	3.62	2	t	3.41	3.51	3	3.44	3.4499999999999997	k	0	0.0036765977	0	0.004863082
guf_09152_00540916881.TextGrid	6	ખેતી	kh e t iː	3.19	3.62	2	t	3.41	3.51	4	3.45	3.46	k	0	0.0023555625	0	0.003606779
guf_09152_00540916881.TextGrid	6	ખેતી	kh e t iː	3.19	3.62	2	t	3.41	3.51	5	3.46	3.4699999999999998	k	0	0.0016353413	0	0.0024808412
guf_09152_00540916881.TextGrid	6	ખેતી	kh e t iː	3.19	3.62	2	t	3.41	3.51	6	3.47	3.48	k	0	0.0014238912	0	0.0026695176
guf_09152_00540916881.TextGrid	6	ખેતી	kh e t iː	3.19	3.62	2	t	3.41	3.51	7	3.48	3.4899999999999998	k	0	0.0014182789	0	0.0036586816
guf_09152_00540916881.TextGrid	6	ખેતી	kh e t iː	3.19	3.62	2	t	3.41	3.51	8	3.49	3.5	k	0	0.0014322514	0	0.0044641034
guf_09152_00540916881.TextGrid	6	ખેતી	kh e t iː	3.19	3.62	2	t	3.41	3.51	9	3.5	3.51	k	0	0.028885616	0	0.047664955
guf_09152_00540916881.TextGrid	6	ખેતી	kh e t iː	3.19	3.62	3	iː	3.51	3.62	0	3.5100000000000002	3.52	u	1	0.41405615	1	0.43512225
guf_09152_00540916881.TextGrid	6	ખેતી	kh e t iː	3.19	3.62	3	iː	3.51	3.62	1	3.52	3.53	u	1	0.93179744	1	0.9225662
guf_09152_00540916881.TextGrid	6	ખેતી	kh e t iː	3.19	3.62	3	iː	3.51	3.62	2	3.5300000000000002	3.54	u	1	0.97688884	1	0.98061323
guf_09152_00540916881.TextGrid	6	ખેતી	kh e t iː	3.19	3.62	3	iː	3.51	3.62	3	3.54	3.55	u	1	0.96474683	1	0.9736689
guf_09152_00540916881.TextGrid	6	ખેતી	kh e t iː	3.19	3.62	3	iː	3.51	3.62	4	3.5500000000000003	3.56	u	1	0.9416241	1	0.9619177
guf_09152_00540916881.TextGrid	6	ખેતી	kh e t iː	3.19	3.62	3	iː	3.51	3.62	5	3.56	3.57	uː	1	0.9385478	1	0.96427345
guf_09152_00540916881.TextGrid	6	ખેતી	kh e t iː	3.19	3.62	3	iː	3.51	3.62	6	3.5700000000000003	3.58	uː	1	0.9328514	1	0.9674384
guf_09152_00540916881.TextGrid	6	ખેતી	kh e t iː	3.19	3.62	3	iː	3.51	3.62	7	3.58	3.59	u	1	0.93618155	1	0.9582603
guf_09152_00540916881.TextGrid	6	ખેતી	kh e t iː	3.19	3.62	3	iː	3.51	3.62	8	3.59	3.5999999999999996	u	1	0.9182053	1	0.9291077
guf_09152_00540916881.TextGrid	6	ખેતી	kh e t iː	3.19	3.62	3	iː	3.51	3.62	9	3.6	3.61	s	1	0.72653836	1	0.87474895
guf_09152_00540916881.TextGrid	6	ખેતી	kh e t iː	3.19	3.62	3	iː	3.51	3.62	10	3.61	3.6199999999999997	s	1	0.4755972	1	0.785306
guf_09152_00540916881.TextGrid	7	છે	ʧh e	3.62	3.88	0	ʧh	3.62	3.63	0	3.62	3.63	k	0	0.36579856	0	0.4704214
guf_09152_00540916881.TextGrid	7	છે	ʧh e	3.62	3.88	1	e	3.63	3.88	0	3.63	3.6399999999999997	k	1	0.2714574	1	0.32441923
guf_09152_00540916881.TextGrid	7	છે	ʧh e	3.62	3.88	1	e	3.63	3.88	1	3.64	3.65	k	1	0.12591873	1	0.32749572
guf_09152_00540916881.TextGrid	7	છે	ʧh e	3.62	3.88	1	e	3.63	3.88	2	3.65	3.6599999999999997	s	1	0.059025746	1	0.3612726
guf_09152_00540916881.TextGrid	7	છે	ʧh e	3.62	3.88	1	e	3.63	3.88	3	3.66	3.67	s	1	0.038624544	1	0.48783758
guf_09152_00540916881.TextGrid	7	છે	ʧh e	3.62	3.88	1	e	3.63	3.88	4	3.67	3.6799999999999997	s	1	0.021062335	1	0.53781295
guf_09152_00540916881.TextGrid	7	છે	ʧh e	3.62	3.88	1	e	3.63	3.88	5	3.68	3.69	s	1	0.018615624	1	0.54397374
guf_09152_00540916881.TextGrid	7	છે	ʧh e	3.62	3.88	1	e	3.63	3.88	6	3.69	3.6999999999999997	s	1	0.014426291	1	0.5561154
guf_09152_00540916881.TextGrid	7	છે	ʧh e	3.62	3.88	1	e	3.63	3.88	7	3.7	3.71	s	1	0.009247274	1	0.57119286
guf_09152_00540916881.TextGrid	7	છે	ʧh e	3.62	3.88	1	e	3.63	3.88	8	3.71	3.7199999999999998	s	1	0.0093680825	1	0.59831303
guf_09152_00540916881.TextGrid	7	છે	ʧh e	3.62	3.88	1	e	3.63	3.88	9	3.72	3.73	s	1	0.01717601	1	0.6716077
guf_09152_00540916881.TextGrid	7	છે	ʧh e	3.62	3.88	1	e	3.63	3.88	10	3.73	3.7399999999999998	s	1	0.09786896	1	0.71889424
guf_09152_00540916881.TextGrid	7	છે	ʧh e	3.62	3.88	1	e	3.63	3.88	11	3.74	3.75	s	1	0.4261526	1	0.73403126
guf_09152_00540916881.TextGrid	7	છે	ʧh e	3.62	3.88	1	e	3.63	3.88	12	3.75	3.76	o	1	0.9618203	1	0.94075626
guf_09152_00540916881.TextGrid	7	છે	ʧh e	3.62	3.88	1	e	3.63	3.88	13	3.7600000000000002	3.77	o	1	0.9931452	1	0.9883288
guf_09152_00540916881.TextGrid	7	છે	ʧh e	3.62	3.88	1	e	3.63	3.88	14	3.77	3.78	əʋ	1	0.99124193	1	0.98744863
guf_09152_00540916881.TextGrid	7	છે	ʧh e	3.62	3.88	1	e	3.63	3.88	15	3.7800000000000002	3.79	əʋ	1	0.97786194	1	0.9782788
guf_09152_00540916881.TextGrid	7	છે	ʧh e	3.62	3.88	1	e	3.63	3.88	16	3.79	3.8	əʋ	1	0.95278156	1	0.9683166
guf_09152_00540916881.TextGrid	7	છે	ʧh e	3.62	3.88	1	e	3.63	3.88	17	3.8000000000000003	3.81	o	1	0.96103364	1	0.9687576
guf_09152_00540916881.TextGrid	7	છે	ʧh e	3.62	3.88	1	e	3.63	3.88	18	3.81	3.82	o	1	0.9628429	1	0.9657321
guf_09152_00540916881.TextGrid	7	છે	ʧh e	3.62	3.88	1	e	3.63	3.88	19	3.8200000000000003	3.83	o	1	0.9468538	1	0.9519638
guf_09152_00540916881.TextGrid	7	છે	ʧh e	3.62	3.88	1	e	3.63	3.88	20	3.83	3.84	o	1	0.9354909	1	0.94444174
guf_09152_00540916881.TextGrid	7	છે	ʧh e	3.62	3.88	1	e	3.63	3.88	21	3.84	3.8499999999999996	o	1	0.89655787	1	0.91218954
guf_09152_00540916881.TextGrid	7	છે	ʧh e	3.62	3.88	1	e	3.63	3.88	22	3.85	3.86	o	1	0.7158232	1	0.7274242
guf_09152_00540916881.TextGrid	7	છે	ʧh e	3.62	3.88	1	e	3.63	3.88	23	3.86	3.8699999999999997	o	1	0.50165504	1	0.50023293
guf_09152_00540916881.TextGrid	7	છે	ʧh e	3.62	3.88	1	e	3.63	3.88	24	3.87	3.88	k	1	0.33431676	1	0.32634693
